"package","function_name","parameter","default"
"bootnet","estimateNetwork","data",""
"bootnet","estimateNetwork","default","c(""none"", ""EBICglasso"", ""pcor"", ""IsingFit"", ""IsingSampler"", ""huge"",      ""adalasso"", ""mgm"", ""relimp"", ""cor"", ""TMFG"", ""ggmModSelect"",      ""LoGo"", ""graphicalVAR"", ""piecewiseIsing"", ""SVAR_lavaan"",      ""ncvRegularize"", ""nodeRegresIC"")"
"bootnet","estimateNetwork","fun",""
"bootnet","estimateNetwork","labels",""
"bootnet","estimateNetwork","verbose","TRUE"
"bootnet","estimateNetwork",".dots","list()"
"bootnet","estimateNetwork","weighted","TRUE"
"bootnet","estimateNetwork","signed","TRUE"
"bootnet","estimateNetwork","directed",""
"bootnet","estimateNetwork","datatype",""
"bootnet","estimateNetwork","checkNumeric","FALSE"
"bootnet","estimateNetwork","...",""
"bootnet","estimateNetwork",".input",""
"bootnet","estimateNetwork","memorysaver","FALSE"
"bootnet","bootnet_EBICglasso","data",""
"bootnet","bootnet_EBICglasso","tuning","0.5"
"bootnet","bootnet_EBICglasso","corMethod","c(""cor"", ""cov"", ""cor_auto"", ""cor_mantar"", ""npn"", ""spearman"")"
"bootnet","bootnet_EBICglasso","missing","c(""pairwise"", ""listwise"", ""fiml"", ""stackedMI"", ""stop"")"
"bootnet","bootnet_EBICglasso","sampleSize","c(""pairwise_average"", ""pairwise_average_mantar"", ""maximum"", ""minimum"",      ""pairwise_maximum"", ""pairwise_minimum"", ""pairwise_average_v1.5"",      ""pairwise_maximum_v1.5"", ""pairwise_minimum_v1.5"")"
"bootnet","bootnet_EBICglasso","verbose","TRUE"
"bootnet","bootnet_EBICglasso","corArgs","list()"
"bootnet","bootnet_EBICglasso","refit","FALSE"
"bootnet","bootnet_EBICglasso","principalDirection","FALSE"
"bootnet","bootnet_EBICglasso","lambda.min.ratio","0.01"
"bootnet","bootnet_EBICglasso","nlambda","100"
"bootnet","bootnet_EBICglasso","threshold","FALSE"
"bootnet","bootnet_EBICglasso","unlock","FALSE"
"bootnet","bootnet_EBICglasso","nonPositiveDefinite","c(""stop"", ""continue"")"
"bootnet","bootnet_EBICglasso","transform","c(""none"", ""rank"", ""quantile"")"
"bootnet","bootnet_EBICglasso","...",""
"bootnet","bootnet_IsingFit","data",""
"bootnet","bootnet_IsingFit","tuning","0.25"
"bootnet","bootnet_IsingFit","missing","c(""listwise"", ""stop"")"
"bootnet","bootnet_IsingFit","verbose","TRUE"
"bootnet","bootnet_IsingFit","rule","c(""AND"", ""OR"")"
"bootnet","bootnet_IsingFit","split","""median"""
"bootnet","bootnet_IsingFit","principalDirection","FALSE"
"bootnet","bootnet_IsingFit","min_sum","-Inf"
"bootnet","bootnet_IsingFit","unlock","FALSE"
"bootnet","bootnet_mgm","data",""
"bootnet","bootnet_mgm","type",""
"bootnet","bootnet_mgm","level",""
"bootnet","bootnet_mgm","tuning","0.25"
"bootnet","bootnet_mgm","missing","c(""listwise"", ""stop"")"
"bootnet","bootnet_mgm","verbose","TRUE"
"bootnet","bootnet_mgm","criterion","c(""EBIC"", ""CV"")"
"bootnet","bootnet_mgm","nFolds","10"
"bootnet","bootnet_mgm","order","2"
"bootnet","bootnet_mgm","rule","c(""AND"", ""OR"")"
"bootnet","bootnet_mgm","binarySign",""
"bootnet","bootnet_mgm","unlock","FALSE"
"bootnet","bootnet_mgm","transform","c(""none"", ""rank"", ""quantile"")"
"bootnet","bootnet_mgm","...",""
"bootnet","bootnet","data",""
"bootnet","bootnet","nBoots","1000"
"bootnet","bootnet","default","c(""none"", ""EBICglasso"", ""ggmModSelect"", ""pcor"", ""IsingFit"", ""IsingSampler"",      ""huge"", ""adalasso"", ""mgm"", ""relimp"", ""cor"", ""TMFG"", ""LoGo"",      ""SVAR_lavaan"", ""ncvRegularize"", ""nodeRegresIC"")"
"bootnet","bootnet","type","c(""nonparametric"", ""parametric"", ""node"", ""person"", ""jackknife"",      ""case"")"
"bootnet","bootnet","nCores","1"
"bootnet","bootnet","statistics","c(""edge"", ""strength"", ""outStrength"", ""inStrength"")"
"bootnet","bootnet","model","c(""detect"", ""GGM"", ""Ising"", ""graphicalVAR"")"
"bootnet","bootnet","fun",""
"bootnet","bootnet","verbose","TRUE"
"bootnet","bootnet","labels",""
"bootnet","bootnet","alpha","1"
"bootnet","bootnet","caseMin","0.05"
"bootnet","bootnet","caseMax","0.75"
"bootnet","bootnet","caseN","10"
"bootnet","bootnet","subNodes",""
"bootnet","bootnet","subCases",""
"bootnet","bootnet","computeCentrality","TRUE"
"bootnet","bootnet","propBoot","1"
"bootnet","bootnet","replacement","TRUE"
"bootnet","bootnet","graph",""
"bootnet","bootnet","sampleSize",""
"bootnet","bootnet","intercepts",""
"bootnet","bootnet","weighted",""
"bootnet","bootnet","signed",""
"bootnet","bootnet","directed",""
"bootnet","bootnet","includeDiagonal","FALSE"
"bootnet","bootnet","communities",""
"bootnet","bootnet","useCommunities",""
"bootnet","bootnet","bridgeArgs","list()"
"bootnet","bootnet","library",".libPaths()"
"bootnet","bootnet","memorysaver","TRUE"
"bootnet","bootnet","...",""
"bootnet","bootnet","responses","c(0L, 1L)"
"bootnet","bootnet","maxErrors","10"
"bootnet","corStability","x",""
"bootnet","corStability","cor","0.7"
"bootnet","corStability","statistics","""all"""
"bootnet","corStability","verbose","TRUE"
"qgraph","qgraph","input",""
"qgraph","qgraph","...",""
"qgraph","qgraph","layout",""
"qgraph","qgraph","groups",""
"qgraph","qgraph","minimum",""
"qgraph","qgraph","maximum",""
"qgraph","qgraph","cut",""
"qgraph","qgraph","details",""
"qgraph","qgraph","threshold",""
"qgraph","qgraph","palette",""
"qgraph","qgraph","theme",""
"qgraph","qgraph","graph",""
"qgraph","qgraph","sampleSize",""
"qgraph","qgraph","tuning",""
"qgraph","qgraph","alpha",""
"qgraph","qgraph","bonf",""
"qgraph","qgraph","labels",""
"qgraph","qgraph","nodeNames",""
"qgraph","qgraph","label.cex",""
"qgraph","qgraph","label.color",""
"qgraph","qgraph","label.scale",""
"qgraph","qgraph","label.prop",""
"qgraph","qgraph","color",""
"qgraph","qgraph","vsize",""
"qgraph","qgraph","vsize2",""
"qgraph","qgraph","shape",""
"qgraph","qgraph","borders",""
"qgraph","qgraph","border.color",""
"qgraph","qgraph","border.width",""
"qgraph","qgraph","pie",""
"qgraph","qgraph","pieColor",""
"qgraph","qgraph","esize",""
"qgraph","qgraph","edge.width",""
"qgraph","qgraph","edge.color",""
"qgraph","qgraph","edge.labels",""
"qgraph","qgraph","edge.label.cex",""
"qgraph","qgraph","posCol",""
"qgraph","qgraph","negCol",""
"qgraph","qgraph","fade",""
"qgraph","qgraph","curve",""
"qgraph","qgraph","curveAll",""
"qgraph","qgraph","lty",""
"qgraph","qgraph","diag",""
"qgraph","qgraph","weighted",""
"qgraph","qgraph","edgelist",""
"qgraph","qgraph","nNodes",""
"qgraph","qgraph","arrows",""
"qgraph","qgraph","asize",""
"qgraph","qgraph","parallelEdge",""
"qgraph","qgraph","repulsion",""
"qgraph","qgraph","layout.par",""
"qgraph","qgraph","aspect",""
"qgraph","qgraph","rescale",""
"qgraph","qgraph","normalize",""
"qgraph","qgraph","legend",""
"qgraph","qgraph","legend.cex",""
"qgraph","qgraph","legend.mode",""
"qgraph","qgraph","GLratio",""
"qgraph","qgraph","title",""
"qgraph","qgraph","title.cex",""
"qgraph","qgraph","mar",""
"qgraph","qgraph","filetype",""
"qgraph","qgraph","filename",""
"qgraph","qgraph","width",""
"qgraph","qgraph","height",""
"qgraph","qgraph","res",""
"qgraph","qgraph","DoNotPlot",""
"qgraph","qgraph","plot",""
"qgraph","qgraph","bg",""
"qgraph","EBICglasso","S",""
"qgraph","EBICglasso","n",""
"qgraph","EBICglasso","gamma","0.5"
"qgraph","EBICglasso","penalize.diagonal","FALSE"
"qgraph","EBICglasso","nlambda","100"
"qgraph","EBICglasso","lambda.min.ratio","0.01"
"qgraph","EBICglasso","returnAllResults","FALSE"
"qgraph","EBICglasso","checkPD","TRUE"
"qgraph","EBICglasso","penalizeMatrix",""
"qgraph","EBICglasso","countDiagonal","FALSE"
"qgraph","EBICglasso","refit","FALSE"
"qgraph","EBICglasso","threshold","FALSE"
"qgraph","EBICglasso","verbose","TRUE"
"qgraph","EBICglasso","...",""
"qgraph","centrality_auto","x",""
"qgraph","centrality_auto","weighted","TRUE"
"qgraph","centrality_auto","signed","TRUE"
"qgraph","centrality_auto","communities","NULL"
"qgraph","centrality_auto","useCommunities","""all"""
"qgraph","centrality","graph",""
"qgraph","centrality","alpha","1"
"qgraph","centrality","posfun","abs"
"qgraph","centrality","pkg","c(""igraph"", ""qgraph"")"
"qgraph","centrality","all.shortest.paths","FALSE"
"qgraph","centrality","weighted","TRUE"
"qgraph","centrality","signed","TRUE"
"qgraph","centrality","R2","FALSE"
"IsingFit","IsingFit","x",""
"IsingFit","IsingFit","family","""binomial"""
"IsingFit","IsingFit","AND","TRUE"
"IsingFit","IsingFit","gamma","0.25"
"IsingFit","IsingFit","plot","TRUE"
"IsingFit","IsingFit","progressbar","TRUE"
"IsingFit","IsingFit","min_sum","-Inf"
"IsingFit","IsingFit","lowerbound.lambda","NA"
"IsingFit","IsingFit","...",""
"mgm","mgm","data",""
"mgm","mgm","type",""
"mgm","mgm","level",""
"mgm","mgm","regularize",""
"mgm","mgm","lambdaSeq",""
"mgm","mgm","lambdaSel",""
"mgm","mgm","lambdaFolds",""
"mgm","mgm","lambdaGam",""
"mgm","mgm","alphaSeq",""
"mgm","mgm","alphaSel",""
"mgm","mgm","alphaFolds",""
"mgm","mgm","alphaGam",""
"mgm","mgm","k",""
"mgm","mgm","moderators",""
"mgm","mgm","ruleReg",""
"mgm","mgm","weights",""
"mgm","mgm","threshold",""
"mgm","mgm","method",""
"mgm","mgm","binarySign",""
"mgm","mgm","scale",""
"mgm","mgm","verbatim",""
"mgm","mgm","pbar",""
"mgm","mgm","warnings",""
"mgm","mgm","saveModels",""
"mgm","mgm","saveData",""
"mgm","mgm","overparameterize",""
"mgm","mgm","thresholdCat",""
"mgm","mgm","signInfo",""
"mgm","mgm","...",""
"mgm","mvar","data",""
"mgm","mvar","type",""
"mgm","mvar","level",""
"mgm","mvar","regularize",""
"mgm","mvar","lambdaSeq",""
"mgm","mvar","lambdaSel",""
"mgm","mvar","lambdaFolds",""
"mgm","mvar","lambdaGam",""
"mgm","mvar","alphaSeq",""
"mgm","mvar","alphaSel",""
"mgm","mvar","alphaFolds",""
"mgm","mvar","alphaGam",""
"mgm","mvar","lags",""
"mgm","mvar","consec",""
"mgm","mvar","beepvar",""
"mgm","mvar","dayvar",""
"mgm","mvar","weights",""
"mgm","mvar","threshold",""
"mgm","mvar","method",""
"mgm","mvar","binarySign",""
"mgm","mvar","scale",""
"mgm","mvar","verbatim",""
"mgm","mvar","pbar",""
"mgm","mvar","warnings",""
"mgm","mvar","saveModels",""
"mgm","mvar","saveData",""
"mgm","mvar","overparameterize",""
"mgm","mvar","thresholdCat",""
"mgm","mvar","signInfo",""
"mgm","mvar","...",""
"mgm","tvmvar","data",""
"mgm","tvmvar","type",""
"mgm","tvmvar","level",""
"mgm","tvmvar","timepoints",""
"mgm","tvmvar","estpoints",""
"mgm","tvmvar","bandwidth",""
"mgm","tvmvar","...",""
"glmnet","glmnet","x",""
"glmnet","glmnet","y",""
"glmnet","glmnet","family","c(""gaussian"", ""binomial"", ""poisson"", ""multinomial"", ""cox"", ""mgaussian"")"
"glmnet","glmnet","weights","NULL"
"glmnet","glmnet","offset","NULL"
"glmnet","glmnet","alpha","1"
"glmnet","glmnet","nlambda","100"
"glmnet","glmnet","lambda.min.ratio","ifelse(nobs < nvars, 0.01, 1e-04)"
"glmnet","glmnet","lambda","NULL"
"glmnet","glmnet","standardize","TRUE"
"glmnet","glmnet","intercept","TRUE"
"glmnet","glmnet","thresh","1e-07"
"glmnet","glmnet","dfmax","NULL"
"glmnet","glmnet","pmax","NULL"
"glmnet","glmnet","exclude","NULL"
"glmnet","glmnet","penalty.factor","rep(1, nvars)"
"glmnet","glmnet","lower.limits","-Inf"
"glmnet","glmnet","upper.limits","Inf"
"glmnet","glmnet","maxit","1e+05"
"glmnet","glmnet","type.gaussian","ifelse(nvars < 500, ""covariance"", ""naive"")"
"glmnet","glmnet","type.logistic","c(""Newton"", ""modified.Newton"")"
"glmnet","glmnet","standardize.response","FALSE"
"glmnet","glmnet","type.multinomial","c(""ungrouped"", ""grouped"")"
"glmnet","glmnet","relax","FALSE"
"glmnet","glmnet","trace.it","0"
"glmnet","glmnet","cox.ties","c(""breslow"", ""efron"")"
"glmnet","glmnet","control","list()"
"glmnet","glmnet","...",""
"glmnet","cv.glmnet","x",""
"glmnet","cv.glmnet","y",""
"glmnet","cv.glmnet","weights","NULL"
"glmnet","cv.glmnet","offset","NULL"
"glmnet","cv.glmnet","lambda","NULL"
"glmnet","cv.glmnet","type.measure","c(""default"", ""mse"", ""deviance"", ""class"", ""auc"", ""mae"", ""C"")"
"glmnet","cv.glmnet","nfolds","10"
"glmnet","cv.glmnet","foldid","NULL"
"glmnet","cv.glmnet","alignment","c(""lambda"", ""fraction"")"
"glmnet","cv.glmnet","grouped","TRUE"
"glmnet","cv.glmnet","keep","FALSE"
"glmnet","cv.glmnet","parallel","FALSE"
"glmnet","cv.glmnet","gamma","c(0, 0.25, 0.5, 0.75, 1)"
"glmnet","cv.glmnet","relax","FALSE"
"glmnet","cv.glmnet","trace.it","0"
"glmnet","cv.glmnet","control","list()"
"glmnet","cv.glmnet","...",""
"glmnet","predict.cv.glmnet","object",""
"glmnet","predict.cv.glmnet","newx",""
"glmnet","predict.cv.glmnet","s","c(""lambda.1se"", ""lambda.min"")"
"glmnet","predict.cv.glmnet","...",""
"psych","polychoric","x",""
"psych","polychoric","y","NULL"
"psych","polychoric","smooth","TRUE"
"psych","polychoric","global","TRUE"
"psych","polychoric","polycor","FALSE"
"psych","polychoric","ML","FALSE"
"psych","polychoric","std.err","FALSE"
"psych","polychoric","weight","NULL"
"psych","polychoric","correct","0.5"
"psych","polychoric","progress","TRUE"
"psych","polychoric","na.rm","TRUE"
"psych","polychoric","delete","TRUE"
"psych","polychoric","max.cat","8"
"graphicalVAR","mlGraphicalVAR","data",""
"graphicalVAR","mlGraphicalVAR","vars",""
"graphicalVAR","mlGraphicalVAR","beepvar",""
"graphicalVAR","mlGraphicalVAR","dayvar",""
"graphicalVAR","mlGraphicalVAR","idvar",""
"graphicalVAR","mlGraphicalVAR","scale","TRUE"
"graphicalVAR","mlGraphicalVAR","centerWithin","TRUE"
"graphicalVAR","mlGraphicalVAR","gamma","0.5"
"graphicalVAR","mlGraphicalVAR","verbose","TRUE"
"graphicalVAR","mlGraphicalVAR","subjectNetworks","TRUE"
"graphicalVAR","mlGraphicalVAR","lambda_min_kappa_fixed","0.001"
"graphicalVAR","mlGraphicalVAR","lambda_min_beta_fixed","0.001"
"graphicalVAR","mlGraphicalVAR","lambda_min_kappa","0.05"
"graphicalVAR","mlGraphicalVAR","lambda_min_beta","lambda_min_kappa"
"graphicalVAR","mlGraphicalVAR","lambda_min_glasso","0.01"
"graphicalVAR","mlGraphicalVAR","...",""
"graphicalVAR","graphicalVAR","data",""
"graphicalVAR","graphicalVAR","nLambda","50"
"graphicalVAR","graphicalVAR","verbose","TRUE"
"graphicalVAR","graphicalVAR","gamma","0.5"
"graphicalVAR","graphicalVAR","scale","TRUE"
"graphicalVAR","graphicalVAR","lambda_beta",""
"graphicalVAR","graphicalVAR","lambda_kappa",""
"graphicalVAR","graphicalVAR","regularize_mat_beta",""
"graphicalVAR","graphicalVAR","regularize_mat_kappa",""
"graphicalVAR","graphicalVAR","maxit.in","100"
"graphicalVAR","graphicalVAR","maxit.out","100"
"graphicalVAR","graphicalVAR","deleteMissings","TRUE"
"graphicalVAR","graphicalVAR","penalize.diagonal","TRUE"
"graphicalVAR","graphicalVAR","lambda_min_kappa","0.05"
"graphicalVAR","graphicalVAR","lambda_min_beta","lambda_min_kappa"
"graphicalVAR","graphicalVAR","mimic","c(""current"", ""0.3.2"", ""0.1.2"", ""0.1.4"", ""0.1.5"", ""0.2"")"
"graphicalVAR","graphicalVAR","vars",""
"graphicalVAR","graphicalVAR","beepvar",""
"graphicalVAR","graphicalVAR","dayvar",""
"graphicalVAR","graphicalVAR","idvar",""
"graphicalVAR","graphicalVAR","lags","1"
"graphicalVAR","graphicalVAR","centerWithin","TRUE"
"graphicalVAR","graphicalVAR","likelihood","c(""unpenalized"", ""penalized"")"
"graphicalVAR","graphicalVAR","ebic_tol","1e-04"
"mlVAR","mlVAR","data",""
"mlVAR","mlVAR","vars",""
"mlVAR","mlVAR","idvar",""
"mlVAR","mlVAR","lags","1"
"mlVAR","mlVAR","dayvar",""
"mlVAR","mlVAR","beepvar",""
"mlVAR","mlVAR","estimator","c(""default"", ""lmer"", ""lm"", ""Mplus"")"
"mlVAR","mlVAR","contemporaneous","c(""default"", ""correlated"", ""orthogonal"", ""fixed"", ""unique"")"
"mlVAR","mlVAR","temporal","c(""default"", ""correlated"", ""orthogonal"", ""fixed"", ""unique"")"
"mlVAR","mlVAR","nCores","1"
"mlVAR","mlVAR","verbose","TRUE"
"mlVAR","mlVAR","compareToLags",""
"mlVAR","mlVAR","scale","TRUE"
"mlVAR","mlVAR","scaleWithin","FALSE"
"mlVAR","mlVAR","AR","FALSE"
"mlVAR","mlVAR","MplusSave","TRUE"
"mlVAR","mlVAR","MplusName","""mlVAR"""
"mlVAR","mlVAR","iterations","""(2000)"""
"mlVAR","mlVAR","chains","nCores"
"mlVAR","mlVAR","signs",""
"mlVAR","mlVAR","orthogonal",""
"mlVAR","mlVAR","trueMeans",""
"mlVAR","mlVAR","na.rm","TRUE"
"mlVAR","mlVAR","full_detrend","FALSE"
"mlVAR","getNet","x",""
"mlVAR","getNet","...",""
"psychonetrics","ggm","...",""
"psychonetrics","Ising","data",""
"psychonetrics","Ising","omega","""full"""
"psychonetrics","Ising","tau",""
"psychonetrics","Ising","beta",""
"psychonetrics","Ising","beta_model","c(""beta"", ""log_beta"")"
"psychonetrics","Ising","vars",""
"psychonetrics","Ising","groups",""
"psychonetrics","Ising","covs",""
"psychonetrics","Ising","means",""
"psychonetrics","Ising","nobs",""
"psychonetrics","Ising","covtype","c(""choose"", ""ML"", ""UB"")"
"psychonetrics","Ising","responses",""
"psychonetrics","Ising","missing","""listwise"""
"psychonetrics","Ising","equal","""none"""
"psychonetrics","Ising","baseline_saturated","TRUE"
"psychonetrics","Ising","estimator","""default"""
"psychonetrics","Ising","optimizer",""
"psychonetrics","Ising","storedata","FALSE"
"psychonetrics","Ising","WLS.W",""
"psychonetrics","Ising","sampleStats",""
"psychonetrics","Ising","identify","TRUE"
"psychonetrics","Ising","verbose","FALSE"
"psychonetrics","Ising","maxNodes","20"
"psychonetrics","Ising","maxStates","2^maxNodes"
"psychonetrics","Ising","min_sum","-Inf"
"psychonetrics","Ising","bootstrap","FALSE"
"psychonetrics","Ising","boot_sub",""
"psychonetrics","Ising","boot_resample",""
"psychonetrics","Ising","penalty_lambda","NA"
"psychonetrics","Ising","penalty_alpha","1"
"psychonetrics","Ising","penalize_matrices",""
"psychonetrics","varcov","data",""
"psychonetrics","varcov","type","c(""cov"", ""chol"", ""prec"", ""ggm"", ""cor"")"
"psychonetrics","varcov","sigma","""full"""
"psychonetrics","varcov","kappa","""full"""
"psychonetrics","varcov","omega","""full"""
"psychonetrics","varcov","lowertri","""full"""
"psychonetrics","varcov","delta","""diag"""
"psychonetrics","varcov","rho","""full"""
"psychonetrics","varcov","SD","""full"""
"psychonetrics","varcov","mu",""
"psychonetrics","varcov","tau",""
"psychonetrics","varcov","vars",""
"psychonetrics","varcov","ordered","character(0)"
"psychonetrics","varcov","groups",""
"psychonetrics","varcov","groupvar",""
"psychonetrics","varcov","covs",""
"psychonetrics","varcov","cors",""
"psychonetrics","varcov","means",""
"psychonetrics","varcov","nobs",""
"psychonetrics","varcov","missing","""auto"""
"psychonetrics","varcov","equal","""none"""
"psychonetrics","varcov","baseline_saturated","TRUE"
"psychonetrics","varcov","estimator","""default"""
"psychonetrics","varcov","likelihood","c(""normal"", ""wishart"")"
"psychonetrics","varcov","fixed_x","character(0)"
"psychonetrics","varcov","optimizer",""
"psychonetrics","varcov","storedata","FALSE"
"psychonetrics","varcov","WLS.W",""
"psychonetrics","varcov","sampleStats",""
"psychonetrics","varcov","meanstructure",""
"psychonetrics","varcov","corinput",""
"psychonetrics","varcov","verbose","FALSE"
"psychonetrics","varcov","covtype","c(""choose"", ""ML"", ""UB"")"
"psychonetrics","varcov","standardize","c(""none"", ""z"", ""quantile"")"
"psychonetrics","varcov","fullFIML","FALSE"
"psychonetrics","varcov","bootstrap","FALSE"
"psychonetrics","varcov","boot_sub",""
"psychonetrics","varcov","boot_resample",""
"psychonetrics","varcov","penalty_lambda","NA"
"psychonetrics","varcov","penalty_alpha","1"
"psychonetrics","varcov","penalize_matrices",""
"psychonetrics","varcov","sampling_weights",""
"psychonetrics","lvm","data",""
"psychonetrics","lvm","lambda",""
"psychonetrics","lvm","latent","c(""cov"", ""chol"", ""prec"", ""ggm"", ""cor"")"
"psychonetrics","lvm","residual","c(""cov"", ""chol"", ""prec"", ""ggm"", ""cor"")"
"psychonetrics","lvm","sigma_zeta","""full"""
"psychonetrics","lvm","kappa_zeta","""full"""
"psychonetrics","lvm","omega_zeta","""full"""
"psychonetrics","lvm","lowertri_zeta","""full"""
"psychonetrics","lvm","delta_zeta","""full"""
"psychonetrics","lvm","sigma_epsilon","""diag"""
"psychonetrics","lvm","kappa_epsilon","""diag"""
"psychonetrics","lvm","omega_epsilon","""zero"""
"psychonetrics","lvm","lowertri_epsilon","""diag"""
"psychonetrics","lvm","delta_epsilon","""diag"""
"psychonetrics","lvm","beta","""zero"""
"psychonetrics","lvm","nu",""
"psychonetrics","lvm","nu_eta",""
"psychonetrics","lvm","tau",""
"psychonetrics","lvm","identify","TRUE"
"psychonetrics","lvm","identification","c(""loadings"", ""variance"")"
"psychonetrics","lvm","vars",""
"psychonetrics","lvm","ordered","character(0)"
"psychonetrics","lvm","latents",""
"psychonetrics","lvm","groups",""
"psychonetrics","lvm","groupvar",""
"psychonetrics","lvm","covs",""
"psychonetrics","lvm","cors",""
"psychonetrics","lvm","means",""
"psychonetrics","lvm","nobs",""
"psychonetrics","lvm","missing","""auto"""
"psychonetrics","lvm","equal","""none"""
"psychonetrics","lvm","baseline_saturated","TRUE"
"psychonetrics","lvm","estimator","""default"""
"psychonetrics","lvm","likelihood","c(""normal"", ""wishart"")"
"psychonetrics","lvm","fixed_x","character(0)"
"psychonetrics","lvm","optimizer",""
"psychonetrics","lvm","storedata","FALSE"
"psychonetrics","lvm","WLS.W",""
"psychonetrics","lvm","covtype","c(""choose"", ""ML"", ""UB"")"
"psychonetrics","lvm","corinput",""
"psychonetrics","lvm","standardize","c(""none"", ""z"", ""quantile"")"
"psychonetrics","lvm","sampleStats",""
"psychonetrics","lvm","verbose","FALSE"
"psychonetrics","lvm","simplelambdastart","FALSE"
"psychonetrics","lvm","start","""default"""
"psychonetrics","lvm","bootstrap","FALSE"
"psychonetrics","lvm","boot_sub",""
"psychonetrics","lvm","boot_resample",""
"psychonetrics","lvm","penalty_lambda","NA"
"psychonetrics","lvm","penalty_alpha","1"
"psychonetrics","lvm","penalize_matrices",""
"psychonetrics","lvm","rho_zeta","""full"""
"psychonetrics","lvm","SD_zeta","""full"""
"psychonetrics","lvm","rho_epsilon","""zero"""
"psychonetrics","lvm","SD_epsilon","""diag"""
"psychonetrics","lvm","sampling_weights",""
"psychonetrics","lnm","...",""
"psychonetrics","rnm","...",""
"psychonetrics","lrnm","...",""
"psychonetrics","ri_clpm","data",""
"psychonetrics","ri_clpm","vars",""
"psychonetrics","ri_clpm","datatype","c(""auto"", ""wide"", ""long"")"
"psychonetrics","ri_clpm","idvar",""
"psychonetrics","ri_clpm","beepvar",""
"psychonetrics","ri_clpm","standardize","c(""none"", ""z"", ""quantile"", ""z_per_wave"")"
"psychonetrics","ri_clpm","lambda",""
"psychonetrics","ri_clpm","type","c(""cov"", ""chol"", ""prec"", ""ggm"", ""cor"")"
"psychonetrics","ri_clpm","verbose","FALSE"
"psychonetrics","ri_clpm","...",""
"psychonetrics","ri_clpm_stationary","x",""
"psychonetrics","ri_clpm_stationary","stationary","c(""intercepts"", ""contemporaneous"", ""innovation"", ""temporal"")"
"psychonetrics","panelgvar","data",""
"psychonetrics","panelgvar","vars",""
"psychonetrics","panelgvar","within_latent","c(""ggm"", ""chol"", ""cov"", ""prec"", ""cor"")"
"psychonetrics","panelgvar","between_latent","c(""ggm"", ""chol"", ""cov"", ""prec"", ""cor"")"
"psychonetrics","panelgvar","...",""
"psychonetrics","panelvar","data",""
"psychonetrics","panelvar","vars",""
"psychonetrics","panelvar","within_latent","c(""cov"", ""chol"", ""prec"", ""ggm"", ""cor"")"
"psychonetrics","panelvar","between_latent","c(""cov"", ""chol"", ""prec"", ""ggm"", ""cor"")"
"psychonetrics","panelvar","datatype","c(""auto"", ""wide"", ""long"")"
"psychonetrics","panelvar","idvar",""
"psychonetrics","panelvar","beepvar",""
"psychonetrics","panelvar","standardize","c(""none"", ""z"", ""quantile"", ""z_per_wave"")"
"psychonetrics","panelvar","beta","""full"""
"psychonetrics","panelvar","omega_zeta_within","""full"""
"psychonetrics","panelvar","delta_zeta_within","""diag"""
"psychonetrics","panelvar","kappa_zeta_within","""full"""
"psychonetrics","panelvar","sigma_zeta_within","""full"""
"psychonetrics","panelvar","lowertri_zeta_within","""full"""
"psychonetrics","panelvar","omega_zeta_between","""full"""
"psychonetrics","panelvar","delta_zeta_between","""diag"""
"psychonetrics","panelvar","kappa_zeta_between","""full"""
"psychonetrics","panelvar","sigma_zeta_between","""full"""
"psychonetrics","panelvar","lowertri_zeta_between","""full"""
"psychonetrics","panelvar","mu",""
"psychonetrics","panelvar","groups",""
"psychonetrics","panelvar","groupvar",""
"psychonetrics","panelvar","covs",""
"psychonetrics","panelvar","cors",""
"psychonetrics","panelvar","means",""
"psychonetrics","panelvar","nobs",""
"psychonetrics","panelvar","corinput",""
"psychonetrics","panelvar","start","""version2"""
"psychonetrics","panelvar","covtype","c(""choose"", ""ML"", ""UB"")"
"psychonetrics","panelvar","missing","""auto"""
"psychonetrics","panelvar","equal","""none"""
"psychonetrics","panelvar","baseline_saturated","TRUE"
"psychonetrics","panelvar","estimator","""ML"""
"psychonetrics","panelvar","optimizer",""
"psychonetrics","panelvar","storedata","FALSE"
"psychonetrics","panelvar","verbose","FALSE"
"psychonetrics","panelvar","sampleStats",""
"psychonetrics","panelvar","baseline","c(""stationary_random_intercept"", ""stationary"", ""independence"",      ""none"")"
"psychonetrics","panelvar","bootstrap","FALSE"
"psychonetrics","panelvar","boot_sub",""
"psychonetrics","panelvar","boot_resample",""
"psychonetrics","panelvar","within",""
"psychonetrics","panelvar","between",""
"psychonetrics","panelvar","penalty_lambda","NA"
"psychonetrics","panelvar","penalty_alpha","1"
"psychonetrics","panelvar","penalize_matrices",""
"psychonetrics","panelvar","rho_zeta_within","""full"""
"psychonetrics","panelvar","SD_zeta_within","""diag"""
"psychonetrics","panelvar","rho_zeta_between","""full"""
"psychonetrics","panelvar","SD_zeta_between","""diag"""
"psychonetrics","panelvar","temporal","c(""raw"", ""PDC"")"
"psychonetrics","panelvar","PDC","""full"""
"psychonetrics","gvar","...",""
"psychonetrics","var1","data",""
"psychonetrics","var1","contemporaneous","c(""cov"", ""chol"", ""prec"", ""ggm"", ""cor"")"
"psychonetrics","var1","beta","""full"""
"psychonetrics","var1","omega_zeta","""full"""
"psychonetrics","var1","delta_zeta","""full"""
"psychonetrics","var1","kappa_zeta","""full"""
"psychonetrics","var1","sigma_zeta","""full"""
"psychonetrics","var1","lowertri_zeta","""full"""
"psychonetrics","var1","mu",""
"psychonetrics","var1","beepvar",""
"psychonetrics","var1","dayvar",""
"psychonetrics","var1","idvar",""
"psychonetrics","var1","vars",""
"psychonetrics","var1","groups",""
"psychonetrics","var1","groupvar",""
"psychonetrics","var1","covs",""
"psychonetrics","var1","cors",""
"psychonetrics","var1","means",""
"psychonetrics","var1","nobs",""
"psychonetrics","var1","corinput",""
"psychonetrics","var1","missing","""auto"""
"psychonetrics","var1","centerWithin","FALSE"
"psychonetrics","var1","equal","""none"""
"psychonetrics","var1","baseline_saturated","TRUE"
"psychonetrics","var1","estimator","""ML"""
"psychonetrics","var1","optimizer",""
"psychonetrics","var1","storedata","FALSE"
"psychonetrics","var1","covtype","c(""choose"", ""ML"", ""UB"")"
"psychonetrics","var1","standardize","c(""none"", ""z"", ""quantile"")"
"psychonetrics","var1","sampleStats",""
"psychonetrics","var1","verbose","FALSE"
"psychonetrics","var1","bootstrap","FALSE"
"psychonetrics","var1","boot_sub",""
"psychonetrics","var1","boot_resample",""
"psychonetrics","var1","penalty_lambda","NA"
"psychonetrics","var1","penalty_alpha","1"
"psychonetrics","var1","penalize_matrices",""
"psychonetrics","var1","rho_zeta","""full"""
"psychonetrics","var1","SD_zeta","""full"""
"psychonetrics","var1","temporal","c(""raw"", ""PDC"")"
"psychonetrics","var1","PDC","""full"""
"psychonetrics","meta_varcov","cors",""
"psychonetrics","meta_varcov","nobs",""
"psychonetrics","meta_varcov","data",""
"psychonetrics","meta_varcov","covs",""
"psychonetrics","meta_varcov","studyvar",""
"psychonetrics","meta_varcov","groups",""
"psychonetrics","meta_varcov","groupvar",""
"psychonetrics","meta_varcov","corinput",""
"psychonetrics","meta_varcov","Vmats",""
"psychonetrics","meta_varcov","Vmethod","c(""individual"", ""pooled"", ""OS_individual"", ""OS_pooled"", ""metaSEM_individual"",      ""metaSEM_weighted"")"
"psychonetrics","meta_varcov","Vestimation","c(""averaged"", ""per_study"")"
"psychonetrics","meta_varcov","type","c(""cor"", ""ggm"")"
"psychonetrics","meta_varcov","sigma_y","""full"""
"psychonetrics","meta_varcov","kappa_y","""full"""
"psychonetrics","meta_varcov","omega_y","""full"""
"psychonetrics","meta_varcov","lowertri_y","""full"""
"psychonetrics","meta_varcov","delta_y","""full"""
"psychonetrics","meta_varcov","rho_y","""full"""
"psychonetrics","meta_varcov","SD_y","""full"""
"psychonetrics","meta_varcov","randomEffects","c(""chol"", ""cov"", ""prec"", ""ggm"", ""cor"")"
"psychonetrics","meta_varcov","sigma_randomEffects","""full"""
"psychonetrics","meta_varcov","kappa_randomEffects","""full"""
"psychonetrics","meta_varcov","omega_randomEffects","""full"""
"psychonetrics","meta_varcov","lowertri_randomEffects","""full"""
"psychonetrics","meta_varcov","delta_randomEffects","""full"""
"psychonetrics","meta_varcov","rho_randomEffects","""full"""
"psychonetrics","meta_varcov","SD_randomEffects","""full"""
"psychonetrics","meta_varcov","vars",""
"psychonetrics","meta_varcov","baseline_saturated","TRUE"
"psychonetrics","meta_varcov","optimizer",""
"psychonetrics","meta_varcov","estimator","c(""FIML"", ""ML"")"
"psychonetrics","meta_varcov","sampleStats",""
"psychonetrics","meta_varcov","verbose","FALSE"
"psychonetrics","meta_varcov","bootstrap","FALSE"
"psychonetrics","meta_varcov","boot_sub",""
"psychonetrics","meta_varcov","boot_resample",""
"psychonetrics","meta_gvar","...",""
"psychonetrics","meta_var1","data",""
"psychonetrics","meta_var1","covs",""
"psychonetrics","meta_var1","nobs",""
"psychonetrics","meta_var1","vars",""
"psychonetrics","meta_var1","studyvar",""
"psychonetrics","meta_var1","idvar",""
"psychonetrics","meta_var1","dayvar",""
"psychonetrics","meta_var1","beepvar",""
"psychonetrics","meta_var1","contemporaneous","c(""cov"", ""chol"", ""prec"", ""ggm"", ""cor"")"
"psychonetrics","meta_var1","beta","""full"""
"psychonetrics","meta_var1","omega_zeta","""full"""
"psychonetrics","meta_var1","delta_zeta","""full"""
"psychonetrics","meta_var1","kappa_zeta","""full"""
"psychonetrics","meta_var1","sigma_zeta","""full"""
"psychonetrics","meta_var1","lowertri_zeta","""full"""
"psychonetrics","meta_var1","rho_zeta","""full"""
"psychonetrics","meta_var1","SD_zeta","""full"""
"psychonetrics","meta_var1","randomEffects","c(""chol"", ""cov"", ""prec"", ""ggm"", ""cor"")"
"psychonetrics","meta_var1","sigma_randomEffects","""full"""
"psychonetrics","meta_var1","kappa_randomEffects","""full"""
"psychonetrics","meta_var1","omega_randomEffects","""full"""
"psychonetrics","meta_var1","lowertri_randomEffects","""full"""
"psychonetrics","meta_var1","delta_randomEffects","""full"""
"psychonetrics","meta_var1","rho_randomEffects","""full"""
"psychonetrics","meta_var1","SD_randomEffects","""full"""
"psychonetrics","meta_var1","Vmats",""
"psychonetrics","meta_var1","Vmethod","c(""individual"", ""pooled"")"
"psychonetrics","meta_var1","Vestimation","c(""averaged"", ""per_study"")"
"psychonetrics","meta_var1","baseline_saturated","TRUE"
"psychonetrics","meta_var1","optimizer",""
"psychonetrics","meta_var1","estimator","c(""FIML"", ""ML"")"
"psychonetrics","meta_var1","sampleStats",""
"psychonetrics","meta_var1","verbose","FALSE"
"psychonetrics","meta_var1","bootstrap","FALSE"
"psychonetrics","meta_var1","boot_sub",""
"psychonetrics","meta_var1","boot_resample",""
"psychonetrics","runmodel","x",""
"psychonetrics","runmodel","level","c(""gradient"", ""fitfunction"")"
"psychonetrics","runmodel","addfit","TRUE"
"psychonetrics","runmodel","addMIs","TRUE"
"psychonetrics","runmodel","addSEs","TRUE"
"psychonetrics","runmodel","addInformation","TRUE"
"psychonetrics","runmodel","log","TRUE"
"psychonetrics","runmodel","verbose",""
"psychonetrics","runmodel","optim.control",""
"psychonetrics","runmodel","analyticFisher","TRUE"
"psychonetrics","runmodel","warn_improper","FALSE"
"psychonetrics","runmodel","warn_gradient","TRUE"
"psychonetrics","runmodel","warn_bounds","TRUE"
"psychonetrics","runmodel","return_improper","TRUE"
"psychonetrics","runmodel","bounded","TRUE"
"psychonetrics","runmodel","approximate_SEs","FALSE"
"psychonetrics","runmodel","criterion","""ebic.5"""
"psychonetrics","runmodel","beta_min","c(""numerical"", ""theoretical"")"
"psychonetrics","runmodel","saturated","c(""default"", ""analytic"", ""model"")"
"lavaan","cfa","model","NULL"
"lavaan","cfa","data","NULL"
"lavaan","cfa","ordered","NULL"
"lavaan","cfa","aux","NULL"
"lavaan","cfa","sampling_weights","NULL"
"lavaan","cfa","sample_cov","NULL"
"lavaan","cfa","sample_mean","NULL"
"lavaan","cfa","sample_th","NULL"
"lavaan","cfa","sample_nobs","NULL"
"lavaan","cfa","group","NULL"
"lavaan","cfa","cluster","NULL"
"lavaan","cfa","constraints",""""""
"lavaan","cfa","wls_v","NULL"
"lavaan","cfa","nacov","NULL"
"lavaan","cfa","ov_order","""model"""
"lavaan","cfa","...",""
"lavaan","sem","model","NULL"
"lavaan","sem","data","NULL"
"lavaan","sem","ordered","NULL"
"lavaan","sem","aux","NULL"
"lavaan","sem","sampling_weights","NULL"
"lavaan","sem","sample_cov","NULL"
"lavaan","sem","sample_mean","NULL"
"lavaan","sem","sample_th","NULL"
"lavaan","sem","sample_nobs","NULL"
"lavaan","sem","group","NULL"
"lavaan","sem","cluster","NULL"
"lavaan","sem","constraints",""""""
"lavaan","sem","wls_v","NULL"
"lavaan","sem","nacov","NULL"
"lavaan","sem","ov_order","""model"""
"lavaan","sem","...",""
"lavaan","lavOptions","x","NULL"
"lavaan","lavOptions","default","NULL"
"lavaan","lavOptions","mimic","""lavaan"""
"powerly","powerly","range_lower",""
"powerly","powerly","range_upper",""
"powerly","powerly","samples","30"
"powerly","powerly","replications","30"
"powerly","powerly","model","""ggm"""
"powerly","powerly","...",""
"powerly","powerly","model_matrix","NULL"
"powerly","powerly","measure","""sen"""
"powerly","powerly","statistic","""power"""
"powerly","powerly","measure_value","0.6"
"powerly","powerly","statistic_value","0.8"
"powerly","powerly","monotone","TRUE"
"powerly","powerly","increasing","TRUE"
"powerly","powerly","spline_df","NULL"
"powerly","powerly","solver_type","""quadprog"""
"powerly","powerly","boots","10000"
"powerly","powerly","lower_ci","0.025"
"powerly","powerly","upper_ci","0.975"
"powerly","powerly","tolerance","50"
"powerly","powerly","iterations","10"
"powerly","powerly","cores","NULL"
"powerly","powerly","cluster_type","""psock"""
"powerly","powerly","save_memory","FALSE"
"powerly","powerly","verbose","TRUE"
"IsingSampler","IsingSampler","n",""
"IsingSampler","IsingSampler","graph",""
"IsingSampler","IsingSampler","thresholds",""
"IsingSampler","IsingSampler","beta","1"
"IsingSampler","IsingSampler","nIter","100"
"IsingSampler","IsingSampler","responses","c(0L, 1L)"
"IsingSampler","IsingSampler","method","c(""MH"", ""CFTP"", ""direct"")"
"IsingSampler","IsingSampler","CFTPretry","10"
"IsingSampler","IsingSampler","constrain",""
"IsingSampler","IsingSampler","delta","0"
"networktools","bridge","network",""
"networktools","bridge","communities","NULL"
"networktools","bridge","useCommunities","""all"""
"networktools","bridge","directed","NULL"
"networktools","bridge","nodes","NULL"
"networktools","bridge","normalize","FALSE"
"ape","mantel.test","m1",""
"ape","mantel.test","m2",""
"ape","mantel.test","nperm","999"
"ape","mantel.test","graph","FALSE"
"ape","mantel.test","alternative","""two.sided"""
"ape","mantel.test","...",""
